{
  "project_info": {
    "project_number": "590957830615",
    "project_id": "meetmyshow-84489",
    "storage_bucket": "meetmyshow-84489.appspot.com"
  },
  "client": [
    {
      "client_info": {
        "mobilesdk_app_id": "1:590957830615:android:ee2eee938ad2fe722e6b92",
        "android_client_info": {
          "package_name": "com.materialsouk.meetmyshow"
        }
      },
      "oauth_client": [],
      "api_key": [
        {
          "current_key": "AIzaSyCuYZ8GolrArV6dAzXAW_OzJ_3BJctcNhs"
        }
      ],
      "services": {
        "appinvite_service": {
          "other_platform_oauth_client": []
        }
      }
    }
  ],
  "configuration_version": "1"
}